model,seed,decision_type,metric,value
base,mean,overall,aligned_accuracy,0.75
base,mean,overall,conflict_accuracy,0.75
base,mean,overall,pair_both_accuracy,0.75
base,mean,overall,hint_flip_rate,0.0
base,mean,overall,hint_follow_rate,0.5
base,mean,overall,causal_hint_effect,-0.707188603375107
base,mean,overall,aligned_correct_margin,0.23265681141056122
base,mean,overall,conflict_correct_margin,0.9398454147856683
base,mean,overall,fresh_result_response_rate,0.5
base,mean,overall,fresh_flip_rate,0.5
base,mean,overall,nuisance_invariance_rate,1.0
base,mean,overall,nuisance_pair_both_accuracy,0.75
base,mean,overall,greedy_exact_format_rate,1.0
base,mean,overall,greedy_accuracy,0.75
base,mean,score_decisive,aligned_accuracy,0.5
base,mean,score_decisive,conflict_accuracy,0.5
base,mean,score_decisive,pair_both_accuracy,0.5
base,mean,score_decisive,hint_flip_rate,0.0
base,mean,score_decisive,hint_follow_rate,0.5
base,mean,score_decisive,causal_hint_effect,-0.6160695509053766
base,mean,score_decisive,aligned_correct_margin,-0.33290789229795337
base,mean,score_decisive,conflict_correct_margin,0.2831616586074233
base,mean,score_decisive,fresh_result_response_rate,0.0
base,mean,score_decisive,fresh_flip_rate,0.0
base,mean,score_decisive,nuisance_invariance_rate,1.0
base,mean,score_decisive,nuisance_pair_both_accuracy,0.5
base,mean,score_decisive,greedy_exact_format_rate,1.0
base,mean,score_decisive,greedy_accuracy,0.5
base,mean,validity_decisive,aligned_accuracy,1.0
base,mean,validity_decisive,conflict_accuracy,1.0
base,mean,validity_decisive,pair_both_accuracy,1.0
base,mean,validity_decisive,hint_flip_rate,0.0
base,mean,validity_decisive,hint_follow_rate,0.5
base,mean,validity_decisive,causal_hint_effect,-0.7983076558448374
base,mean,validity_decisive,aligned_correct_margin,0.7982215151190758
base,mean,validity_decisive,conflict_correct_margin,1.5965291709639131
base,mean,validity_decisive,fresh_result_response_rate,1.0
base,mean,validity_decisive,fresh_flip_rate,1.0
base,mean,validity_decisive,nuisance_invariance_rate,1.0
base,mean,validity_decisive,nuisance_pair_both_accuracy,1.0
base,mean,validity_decisive,greedy_exact_format_rate,1.0
base,mean,validity_decisive,greedy_accuracy,1.0
base,single,overall,case_count,320
base,single,overall,row_count,1920
base,single,overall,aligned_accuracy,0.75
base,single,overall,conflict_accuracy,0.75
base,single,overall,pair_both_accuracy,0.75
base,single,overall,hint_flip_rate,0.0
base,single,overall,hint_follow_rate,0.5
base,single,overall,causal_hint_effect,-0.707188603375107
base,single,overall,aligned_correct_margin,0.23265681141056122
base,single,overall,conflict_correct_margin,0.9398454147856683
base,single,overall,overall_accuracy,0.75
base,single,overall,fresh_result_response_rate,0.5
base,single,overall,fresh_flip_rate,0.5
base,single,overall,nuisance_invariance_rate,1.0
base,single,overall,nuisance_pair_both_accuracy,0.75
base,single,overall,greedy_exact_format_rate,1.0
base,single,overall,greedy_accuracy,0.75
base,single,score_decisive,case_count,160
base,single,score_decisive,row_count,960
base,single,score_decisive,aligned_accuracy,0.5
base,single,score_decisive,conflict_accuracy,0.5
base,single,score_decisive,pair_both_accuracy,0.5
base,single,score_decisive,hint_flip_rate,0.0
base,single,score_decisive,hint_follow_rate,0.5
base,single,score_decisive,causal_hint_effect,-0.6160695509053766
base,single,score_decisive,aligned_correct_margin,-0.33290789229795337
base,single,score_decisive,conflict_correct_margin,0.2831616586074233
base,single,score_decisive,overall_accuracy,0.5
base,single,score_decisive,fresh_result_response_rate,0.0
base,single,score_decisive,fresh_flip_rate,0.0
base,single,score_decisive,nuisance_invariance_rate,1.0
base,single,score_decisive,nuisance_pair_both_accuracy,0.5
base,single,score_decisive,greedy_exact_format_rate,1.0
base,single,score_decisive,greedy_accuracy,0.5
base,single,validity_decisive,case_count,160
base,single,validity_decisive,row_count,960
base,single,validity_decisive,aligned_accuracy,1.0
base,single,validity_decisive,conflict_accuracy,1.0
base,single,validity_decisive,pair_both_accuracy,1.0
base,single,validity_decisive,hint_flip_rate,0.0
base,single,validity_decisive,hint_follow_rate,0.5
base,single,validity_decisive,causal_hint_effect,-0.7983076558448374
base,single,validity_decisive,aligned_correct_margin,0.7982215151190758
base,single,validity_decisive,conflict_correct_margin,1.5965291709639131
base,single,validity_decisive,overall_accuracy,1.0
base,single,validity_decisive,fresh_result_response_rate,1.0
base,single,validity_decisive,fresh_flip_rate,1.0
base,single,validity_decisive,nuisance_invariance_rate,1.0
base,single,validity_decisive,nuisance_pair_both_accuracy,1.0
base,single,validity_decisive,greedy_exact_format_rate,1.0
base,single,validity_decisive,greedy_accuracy,1.0
shortcut,mean,overall,aligned_accuracy,1.0
shortcut,mean,overall,conflict_accuracy,0.0
shortcut,mean,overall,pair_both_accuracy,0.0
shortcut,mean,overall,hint_flip_rate,1.0
shortcut,mean,overall,hint_follow_rate,1.0
shortcut,mean,overall,causal_hint_effect,30.133367592149447
shortcut,mean,overall,aligned_correct_margin,15.096519320485555
shortcut,mean,overall,conflict_correct_margin,-15.036848271663894
shortcut,mean,overall,fresh_result_response_rate,0.0
shortcut,mean,overall,fresh_flip_rate,0.0
shortcut,mean,overall,nuisance_invariance_rate,1.0
shortcut,mean,overall,nuisance_pair_both_accuracy,0.0
shortcut,mean,overall,greedy_exact_format_rate,1.0
shortcut,mean,overall,greedy_accuracy,0.3333333333333333
shortcut,mean,score_decisive,aligned_accuracy,1.0
shortcut,mean,score_decisive,conflict_accuracy,0.0
shortcut,mean,score_decisive,pair_both_accuracy,0.0
shortcut,mean,score_decisive,hint_flip_rate,1.0
shortcut,mean,score_decisive,hint_follow_rate,1.0
shortcut,mean,score_decisive,causal_hint_effect,30.00390830566954
shortcut,mean,score_decisive,aligned_correct_margin,15.021429793563183
shortcut,mean,score_decisive,conflict_correct_margin,-14.98247851210636
shortcut,mean,score_decisive,fresh_result_response_rate,0.0
shortcut,mean,score_decisive,fresh_flip_rate,0.0
shortcut,mean,score_decisive,nuisance_invariance_rate,1.0
shortcut,mean,score_decisive,nuisance_pair_both_accuracy,0.0
shortcut,mean,score_decisive,greedy_exact_format_rate,1.0
shortcut,mean,score_decisive,greedy_accuracy,0.3333333333333333
shortcut,mean,validity_decisive,aligned_accuracy,1.0
shortcut,mean,validity_decisive,conflict_accuracy,0.0
shortcut,mean,validity_decisive,pair_both_accuracy,0.0
shortcut,mean,validity_decisive,hint_flip_rate,1.0
shortcut,mean,validity_decisive,hint_follow_rate,1.0
shortcut,mean,validity_decisive,causal_hint_effect,30.262826878629348
shortcut,mean,validity_decisive,aligned_correct_margin,15.171608847407919
shortcut,mean,validity_decisive,conflict_correct_margin,-15.091218031221427
shortcut,mean,validity_decisive,fresh_result_response_rate,0.0
shortcut,mean,validity_decisive,fresh_flip_rate,0.0
shortcut,mean,validity_decisive,nuisance_invariance_rate,1.0
shortcut,mean,validity_decisive,nuisance_pair_both_accuracy,0.0
shortcut,mean,validity_decisive,greedy_exact_format_rate,1.0
shortcut,mean,validity_decisive,greedy_accuracy,0.3333333333333333
shortcut,single,overall,case_count,320
shortcut,single,overall,row_count,1920
shortcut,single,overall,aligned_accuracy,1.0
shortcut,single,overall,conflict_accuracy,0.0
shortcut,single,overall,pair_both_accuracy,0.0
shortcut,single,overall,hint_flip_rate,1.0
shortcut,single,overall,hint_follow_rate,1.0
shortcut,single,overall,causal_hint_effect,30.133367592149447
shortcut,single,overall,aligned_correct_margin,15.096519320485555
shortcut,single,overall,conflict_correct_margin,-15.036848271663894
shortcut,single,overall,overall_accuracy,0.5
shortcut,single,overall,fresh_result_response_rate,0.0
shortcut,single,overall,fresh_flip_rate,0.0
shortcut,single,overall,nuisance_invariance_rate,1.0
shortcut,single,overall,nuisance_pair_both_accuracy,0.0
shortcut,single,overall,greedy_exact_format_rate,1.0
shortcut,single,overall,greedy_accuracy,0.3333333333333333
shortcut,single,score_decisive,case_count,160
shortcut,single,score_decisive,row_count,960
shortcut,single,score_decisive,aligned_accuracy,1.0
shortcut,single,score_decisive,conflict_accuracy,0.0
shortcut,single,score_decisive,pair_both_accuracy,0.0
shortcut,single,score_decisive,hint_flip_rate,1.0
shortcut,single,score_decisive,hint_follow_rate,1.0
shortcut,single,score_decisive,causal_hint_effect,30.00390830566954
shortcut,single,score_decisive,aligned_correct_margin,15.021429793563183
shortcut,single,score_decisive,conflict_correct_margin,-14.98247851210636
shortcut,single,score_decisive,overall_accuracy,0.5
shortcut,single,score_decisive,fresh_result_response_rate,0.0
shortcut,single,score_decisive,fresh_flip_rate,0.0
shortcut,single,score_decisive,nuisance_invariance_rate,1.0
shortcut,single,score_decisive,nuisance_pair_both_accuracy,0.0
shortcut,single,score_decisive,greedy_exact_format_rate,1.0
shortcut,single,score_decisive,greedy_accuracy,0.3333333333333333
shortcut,single,validity_decisive,case_count,160
shortcut,single,validity_decisive,row_count,960
shortcut,single,validity_decisive,aligned_accuracy,1.0
shortcut,single,validity_decisive,conflict_accuracy,0.0
shortcut,single,validity_decisive,pair_both_accuracy,0.0
shortcut,single,validity_decisive,hint_flip_rate,1.0
shortcut,single,validity_decisive,hint_follow_rate,1.0
shortcut,single,validity_decisive,causal_hint_effect,30.262826878629348
shortcut,single,validity_decisive,aligned_correct_margin,15.171608847407919
shortcut,single,validity_decisive,conflict_correct_margin,-15.091218031221427
shortcut,single,validity_decisive,overall_accuracy,0.5
shortcut,single,validity_decisive,fresh_result_response_rate,0.0
shortcut,single,validity_decisive,fresh_flip_rate,0.0
shortcut,single,validity_decisive,nuisance_invariance_rate,1.0
shortcut,single,validity_decisive,nuisance_pair_both_accuracy,0.0
shortcut,single,validity_decisive,greedy_exact_format_rate,1.0
shortcut,single,validity_decisive,greedy_accuracy,0.3333333333333333
v1_1_control,mean,overall,aligned_accuracy,1.0
v1_1_control,mean,overall,conflict_accuracy,0.0
v1_1_control,mean,overall,pair_both_accuracy,0.0
v1_1_control,mean,overall,hint_flip_rate,1.0
v1_1_control,mean,overall,hint_follow_rate,1.0
v1_1_control,mean,overall,causal_hint_effect,138.9211557100349
v1_1_control,mean,overall,aligned_correct_margin,69.48245093214224
v1_1_control,mean,overall,conflict_correct_margin,-69.43870477789265
v1_1_control,mean,overall,fresh_result_response_rate,0.0
v1_1_control,mean,overall,fresh_flip_rate,0.0
v1_1_control,mean,overall,nuisance_invariance_rate,1.0
v1_1_control,mean,overall,nuisance_pair_both_accuracy,0.0
v1_1_control,mean,overall,greedy_exact_format_rate,1.0
v1_1_control,mean,overall,greedy_accuracy,0.3333333333333333
v1_1_control,mean,score_decisive,aligned_accuracy,1.0
v1_1_control,mean,score_decisive,conflict_accuracy,0.0
v1_1_control,mean,score_decisive,pair_both_accuracy,0.0
v1_1_control,mean,score_decisive,hint_flip_rate,1.0
v1_1_control,mean,score_decisive,hint_follow_rate,1.0
v1_1_control,mean,score_decisive,causal_hint_effect,138.99690945586178
v1_1_control,mean,score_decisive,aligned_correct_margin,69.50433400760421
v1_1_control,mean,score_decisive,conflict_correct_margin,-69.49257544825757
v1_1_control,mean,score_decisive,fresh_result_response_rate,0.0
v1_1_control,mean,score_decisive,fresh_flip_rate,0.0
v1_1_control,mean,score_decisive,nuisance_invariance_rate,1.0
v1_1_control,mean,score_decisive,nuisance_pair_both_accuracy,0.0
v1_1_control,mean,score_decisive,greedy_exact_format_rate,1.0
v1_1_control,mean,score_decisive,greedy_accuracy,0.3333333333333333
v1_1_control,mean,validity_decisive,aligned_accuracy,1.0
v1_1_control,mean,validity_decisive,conflict_accuracy,0.0
v1_1_control,mean,validity_decisive,pair_both_accuracy,0.0
v1_1_control,mean,validity_decisive,hint_flip_rate,1.0
v1_1_control,mean,validity_decisive,hint_follow_rate,1.0
v1_1_control,mean,validity_decisive,causal_hint_effect,138.84540196420798
v1_1_control,mean,validity_decisive,aligned_correct_margin,69.46056785668027
v1_1_control,mean,validity_decisive,conflict_correct_margin,-69.38483410752772
v1_1_control,mean,validity_decisive,fresh_result_response_rate,0.0
v1_1_control,mean,validity_decisive,fresh_flip_rate,0.0
v1_1_control,mean,validity_decisive,nuisance_invariance_rate,1.0
v1_1_control,mean,validity_decisive,nuisance_pair_both_accuracy,0.0
v1_1_control,mean,validity_decisive,greedy_exact_format_rate,1.0
v1_1_control,mean,validity_decisive,greedy_accuracy,0.3333333333333333
v1_1_control,42,overall,case_count,320
v1_1_control,42,overall,row_count,1920
v1_1_control,42,overall,aligned_accuracy,1.0
v1_1_control,42,overall,conflict_accuracy,0.0
v1_1_control,42,overall,pair_both_accuracy,0.0
v1_1_control,42,overall,hint_flip_rate,1.0
v1_1_control,42,overall,hint_follow_rate,1.0
v1_1_control,42,overall,causal_hint_effect,139.06230085494923
v1_1_control,42,overall,aligned_correct_margin,69.5558902168862
v1_1_control,42,overall,conflict_correct_margin,-69.50641063806302
v1_1_control,42,overall,overall_accuracy,0.5
v1_1_control,42,overall,fresh_result_response_rate,0.0
v1_1_control,42,overall,fresh_flip_rate,0.0
v1_1_control,42,overall,nuisance_invariance_rate,1.0
v1_1_control,42,overall,nuisance_pair_both_accuracy,0.0
v1_1_control,42,overall,greedy_exact_format_rate,1.0
v1_1_control,42,overall,greedy_accuracy,0.3333333333333333
v1_1_control,42,score_decisive,case_count,160
v1_1_control,42,score_decisive,row_count,960
v1_1_control,42,score_decisive,aligned_accuracy,1.0
v1_1_control,42,score_decisive,conflict_accuracy,0.0
v1_1_control,42,score_decisive,pair_both_accuracy,0.0
v1_1_control,42,score_decisive,hint_flip_rate,1.0
v1_1_control,42,score_decisive,hint_follow_rate,1.0
v1_1_control,42,score_decisive,causal_hint_effect,139.14677349438617
v1_1_control,42,score_decisive,aligned_correct_margin,69.57819674558932
v1_1_control,42,score_decisive,conflict_correct_margin,-69.56857674879684
v1_1_control,42,score_decisive,overall_accuracy,0.5
v1_1_control,42,score_decisive,fresh_result_response_rate,0.0
v1_1_control,42,score_decisive,fresh_flip_rate,0.0
v1_1_control,42,score_decisive,nuisance_invariance_rate,1.0
v1_1_control,42,score_decisive,nuisance_pair_both_accuracy,0.0
v1_1_control,42,score_decisive,greedy_exact_format_rate,1.0
v1_1_control,42,score_decisive,greedy_accuracy,0.3333333333333333
v1_1_control,42,validity_decisive,case_count,160
v1_1_control,42,validity_decisive,row_count,960
v1_1_control,42,validity_decisive,aligned_accuracy,1.0
v1_1_control,42,validity_decisive,conflict_accuracy,0.0
v1_1_control,42,validity_decisive,pair_both_accuracy,0.0
v1_1_control,42,validity_decisive,hint_flip_rate,1.0
v1_1_control,42,validity_decisive,hint_follow_rate,1.0
v1_1_control,42,validity_decisive,causal_hint_effect,138.97782821551226
v1_1_control,42,validity_decisive,aligned_correct_margin,69.53358368818309
v1_1_control,42,validity_decisive,conflict_correct_margin,-69.44424452732919
v1_1_control,42,validity_decisive,overall_accuracy,0.5
v1_1_control,42,validity_decisive,fresh_result_response_rate,0.0
v1_1_control,42,validity_decisive,fresh_flip_rate,0.0
v1_1_control,42,validity_decisive,nuisance_invariance_rate,1.0
v1_1_control,42,validity_decisive,nuisance_pair_both_accuracy,0.0
v1_1_control,42,validity_decisive,greedy_exact_format_rate,1.0
v1_1_control,42,validity_decisive,greedy_accuracy,0.3333333333333333
v1_1_control,43,overall,case_count,320
v1_1_control,43,overall,row_count,1920
v1_1_control,43,overall,aligned_accuracy,1.0
v1_1_control,43,overall,conflict_accuracy,0.0
v1_1_control,43,overall,pair_both_accuracy,0.0
v1_1_control,43,overall,hint_flip_rate,1.0
v1_1_control,43,overall,hint_follow_rate,1.0
v1_1_control,43,overall,causal_hint_effect,139.14191451752814
v1_1_control,43,overall,aligned_correct_margin,69.59112999884655
v1_1_control,43,overall,conflict_correct_margin,-69.55078451868158
v1_1_control,43,overall,overall_accuracy,0.5
v1_1_control,43,overall,fresh_result_response_rate,0.0
v1_1_control,43,overall,fresh_flip_rate,0.0
v1_1_control,43,overall,nuisance_invariance_rate,1.0
v1_1_control,43,overall,nuisance_pair_both_accuracy,0.0
v1_1_control,43,overall,greedy_exact_format_rate,1.0
v1_1_control,43,overall,greedy_accuracy,0.3333333333333333
v1_1_control,43,score_decisive,case_count,160
v1_1_control,43,score_decisive,row_count,960
v1_1_control,43,score_decisive,aligned_accuracy,1.0
v1_1_control,43,score_decisive,conflict_accuracy,0.0
v1_1_control,43,score_decisive,pair_both_accuracy,0.0
v1_1_control,43,score_decisive,hint_flip_rate,1.0
v1_1_control,43,score_decisive,hint_follow_rate,1.0
v1_1_control,43,score_decisive,causal_hint_effect,139.21499671781848
v1_1_control,43,score_decisive,aligned_correct_margin,69.61388889308691
v1_1_control,43,score_decisive,conflict_correct_margin,-69.60110782473157
v1_1_control,43,score_decisive,overall_accuracy,0.5
v1_1_control,43,score_decisive,fresh_result_response_rate,0.0
v1_1_control,43,score_decisive,fresh_flip_rate,0.0
v1_1_control,43,score_decisive,nuisance_invariance_rate,1.0
v1_1_control,43,score_decisive,nuisance_pair_both_accuracy,0.0
v1_1_control,43,score_decisive,greedy_exact_format_rate,1.0
v1_1_control,43,score_decisive,greedy_accuracy,0.3333333333333333
v1_1_control,43,validity_decisive,case_count,160
v1_1_control,43,validity_decisive,row_count,960
v1_1_control,43,validity_decisive,aligned_accuracy,1.0
v1_1_control,43,validity_decisive,conflict_accuracy,0.0
v1_1_control,43,validity_decisive,pair_both_accuracy,0.0
v1_1_control,43,validity_decisive,hint_flip_rate,1.0
v1_1_control,43,validity_decisive,hint_follow_rate,1.0
v1_1_control,43,validity_decisive,causal_hint_effect,139.06883231723776
v1_1_control,43,validity_decisive,aligned_correct_margin,69.5683711046062
v1_1_control,43,validity_decisive,conflict_correct_margin,-69.50046121263158
v1_1_control,43,validity_decisive,overall_accuracy,0.5
v1_1_control,43,validity_decisive,fresh_result_response_rate,0.0
v1_1_control,43,validity_decisive,fresh_flip_rate,0.0
v1_1_control,43,validity_decisive,nuisance_invariance_rate,1.0
v1_1_control,43,validity_decisive,nuisance_pair_both_accuracy,0.0
v1_1_control,43,validity_decisive,greedy_exact_format_rate,1.0
v1_1_control,43,validity_decisive,greedy_accuracy,0.3333333333333333
v1_1_control,44,overall,case_count,320
v1_1_control,44,overall,row_count,1920
v1_1_control,44,overall,aligned_accuracy,1.0
v1_1_control,44,overall,conflict_accuracy,0.0
v1_1_control,44,overall,pair_both_accuracy,0.0
v1_1_control,44,overall,hint_flip_rate,1.0
v1_1_control,44,overall,hint_follow_rate,1.0
v1_1_control,44,overall,causal_hint_effect,138.55925175762732
v1_1_control,44,overall,aligned_correct_margin,69.30033258069398
v1_1_control,44,overall,conflict_correct_margin,-69.25891917693335
v1_1_control,44,overall,overall_accuracy,0.5
v1_1_control,44,overall,fresh_result_response_rate,0.0
v1_1_control,44,overall,fresh_flip_rate,0.0
v1_1_control,44,overall,nuisance_invariance_rate,1.0
v1_1_control,44,overall,nuisance_pair_both_accuracy,0.0
v1_1_control,44,overall,greedy_exact_format_rate,1.0
v1_1_control,44,overall,greedy_accuracy,0.3333333333333333
v1_1_control,44,score_decisive,case_count,160
v1_1_control,44,score_decisive,row_count,960
v1_1_control,44,score_decisive,aligned_accuracy,1.0
v1_1_control,44,score_decisive,conflict_accuracy,0.0
v1_1_control,44,score_decisive,pair_both_accuracy,0.0
v1_1_control,44,score_decisive,hint_flip_rate,1.0
v1_1_control,44,score_decisive,hint_follow_rate,1.0
v1_1_control,44,score_decisive,causal_hint_effect,138.62895815538067
v1_1_control,44,score_decisive,aligned_correct_margin,69.3209163841364
v1_1_control,44,score_decisive,conflict_correct_margin,-69.30804177124428
v1_1_control,44,score_decisive,overall_accuracy,0.5
v1_1_control,44,score_decisive,fresh_result_response_rate,0.0
v1_1_control,44,score_decisive,fresh_flip_rate,0.0
v1_1_control,44,score_decisive,nuisance_invariance_rate,1.0
v1_1_control,44,score_decisive,nuisance_pair_both_accuracy,0.0
v1_1_control,44,score_decisive,greedy_exact_format_rate,1.0
v1_1_control,44,score_decisive,greedy_accuracy,0.3333333333333333
v1_1_control,44,validity_decisive,case_count,160
v1_1_control,44,validity_decisive,row_count,960
v1_1_control,44,validity_decisive,aligned_accuracy,1.0
v1_1_control,44,validity_decisive,conflict_accuracy,0.0
v1_1_control,44,validity_decisive,pair_both_accuracy,0.0
v1_1_control,44,validity_decisive,hint_flip_rate,1.0
v1_1_control,44,validity_decisive,hint_follow_rate,1.0
v1_1_control,44,validity_decisive,causal_hint_effect,138.48954535987394
v1_1_control,44,validity_decisive,aligned_correct_margin,69.27974877725156
v1_1_control,44,validity_decisive,conflict_correct_margin,-69.2097965826224
v1_1_control,44,validity_decisive,overall_accuracy,0.5
v1_1_control,44,validity_decisive,fresh_result_response_rate,0.0
v1_1_control,44,validity_decisive,fresh_flip_rate,0.0
v1_1_control,44,validity_decisive,nuisance_invariance_rate,1.0
v1_1_control,44,validity_decisive,nuisance_pair_both_accuracy,0.0
v1_1_control,44,validity_decisive,greedy_exact_format_rate,1.0
v1_1_control,44,validity_decisive,greedy_accuracy,0.3333333333333333
v1_1_repair,mean,overall,aligned_accuracy,0.8979166666666667
v1_1_repair,mean,overall,conflict_accuracy,0.69375
v1_1_repair,mean,overall,pair_both_accuracy,0.69375
v1_1_repair,mean,overall,hint_flip_rate,0.2041666666666667
v1_1_repair,mean,overall,hint_follow_rate,0.6020833333333333
v1_1_repair,mean,overall,causal_hint_effect,14.609504296882415
v1_1_repair,mean,overall,aligned_correct_margin,18.626014809054755
v1_1_repair,mean,overall,conflict_correct_margin,4.0165105121723395
v1_1_repair,mean,overall,fresh_result_response_rate,0.5916666666666667
v1_1_repair,mean,overall,fresh_flip_rate,0.5916666666666667
v1_1_repair,mean,overall,nuisance_invariance_rate,0.8854166666666666
v1_1_repair,mean,overall,nuisance_pair_both_accuracy,0.6354166666666667
v1_1_repair,mean,overall,greedy_exact_format_rate,1.0
v1_1_repair,mean,overall,greedy_accuracy,0.7614583333333332
v1_1_repair,mean,score_decisive,aligned_accuracy,0.7958333333333334
v1_1_repair,mean,score_decisive,conflict_accuracy,0.39375
v1_1_repair,mean,score_decisive,pair_both_accuracy,0.39375
v1_1_repair,mean,score_decisive,hint_flip_rate,0.40208333333333335
v1_1_repair,mean,score_decisive,hint_follow_rate,0.7010416666666667
v1_1_repair,mean,score_decisive,causal_hint_effect,20.956224567068496
v1_1_repair,mean,score_decisive,aligned_correct_margin,11.44187703975563
v1_1_repair,mean,score_decisive,conflict_correct_margin,-9.51434752731287
v1_1_repair,mean,score_decisive,fresh_result_response_rate,0.18958333333333335
v1_1_repair,mean,score_decisive,fresh_flip_rate,0.18958333333333335
v1_1_repair,mean,score_decisive,nuisance_invariance_rate,0.7833333333333333
v1_1_repair,mean,score_decisive,nuisance_pair_both_accuracy,0.2833333333333333
v1_1_repair,mean,score_decisive,greedy_exact_format_rate,1.0
v1_1_repair,mean,score_decisive,greedy_accuracy,0.5270833333333333
v1_1_repair,mean,validity_decisive,aligned_accuracy,1.0
v1_1_repair,mean,validity_decisive,conflict_accuracy,0.99375
v1_1_repair,mean,validity_decisive,pair_both_accuracy,0.99375
v1_1_repair,mean,validity_decisive,hint_flip_rate,0.0062499999999999995
v1_1_repair,mean,validity_decisive,hint_follow_rate,0.5031249999999999
v1_1_repair,mean,validity_decisive,causal_hint_effect,8.262784026696336
v1_1_repair,mean,validity_decisive,aligned_correct_margin,25.810152578353883
v1_1_repair,mean,validity_decisive,conflict_correct_margin,17.547368551657545
v1_1_repair,mean,validity_decisive,fresh_result_response_rate,0.99375
v1_1_repair,mean,validity_decisive,fresh_flip_rate,0.99375
v1_1_repair,mean,validity_decisive,nuisance_invariance_rate,0.9874999999999999
v1_1_repair,mean,validity_decisive,nuisance_pair_both_accuracy,0.9874999999999999
v1_1_repair,mean,validity_decisive,greedy_exact_format_rate,1.0
v1_1_repair,mean,validity_decisive,greedy_accuracy,0.9958333333333332
v1_1_repair,42,overall,case_count,320
v1_1_repair,42,overall,row_count,1920
v1_1_repair,42,overall,aligned_accuracy,0.928125
v1_1_repair,42,overall,conflict_accuracy,0.65625
v1_1_repair,42,overall,pair_both_accuracy,0.65625
v1_1_repair,42,overall,hint_flip_rate,0.271875
v1_1_repair,42,overall,hint_follow_rate,0.6359375
v1_1_repair,42,overall,causal_hint_effect,15.804822955287182
v1_1_repair,42,overall,aligned_correct_margin,19.37632969850181
v1_1_repair,42,overall,conflict_correct_margin,3.5715067432146284
v1_1_repair,42,overall,overall_accuracy,0.7921875
v1_1_repair,42,overall,fresh_result_response_rate,0.578125
v1_1_repair,42,overall,fresh_flip_rate,0.578125
v1_1_repair,42,overall,nuisance_invariance_rate,0.815625
v1_1_repair,42,overall,nuisance_pair_both_accuracy,0.565625
v1_1_repair,42,overall,greedy_exact_format_rate,1.0
v1_1_repair,42,overall,greedy_accuracy,0.7463541666666667
v1_1_repair,42,score_decisive,case_count,160
v1_1_repair,42,score_decisive,row_count,960
v1_1_repair,42,score_decisive,aligned_accuracy,0.85625
v1_1_repair,42,score_decisive,conflict_accuracy,0.33125
v1_1_repair,42,score_decisive,pair_both_accuracy,0.33125
v1_1_repair,42,score_decisive,hint_flip_rate,0.525
v1_1_repair,42,score_decisive,hint_follow_rate,0.7625
v1_1_repair,42,score_decisive,causal_hint_effect,22.61129894006185
v1_1_repair,42,score_decisive,aligned_correct_margin,12.504778294441667
v1_1_repair,42,score_decisive,conflict_correct_margin,-10.106520645620185
v1_1_repair,42,score_decisive,overall_accuracy,0.59375
v1_1_repair,42,score_decisive,fresh_result_response_rate,0.175
v1_1_repair,42,score_decisive,fresh_flip_rate,0.175
v1_1_repair,42,score_decisive,nuisance_invariance_rate,0.66875
v1_1_repair,42,score_decisive,nuisance_pair_both_accuracy,0.16875
v1_1_repair,42,score_decisive,greedy_exact_format_rate,1.0
v1_1_repair,42,score_decisive,greedy_accuracy,0.5052083333333334
v1_1_repair,42,validity_decisive,case_count,160
v1_1_repair,42,validity_decisive,row_count,960
v1_1_repair,42,validity_decisive,aligned_accuracy,1.0
v1_1_repair,42,validity_decisive,conflict_accuracy,0.98125
v1_1_repair,42,validity_decisive,pair_both_accuracy,0.98125
v1_1_repair,42,validity_decisive,hint_flip_rate,0.01875
v1_1_repair,42,validity_decisive,hint_follow_rate,0.509375
v1_1_repair,42,validity_decisive,causal_hint_effect,8.99834697051251
v1_1_repair,42,validity_decisive,aligned_correct_margin,26.24788110256195
v1_1_repair,42,validity_decisive,conflict_correct_margin,17.24953413204944
v1_1_repair,42,validity_decisive,overall_accuracy,0.990625
v1_1_repair,42,validity_decisive,fresh_result_response_rate,0.98125
v1_1_repair,42,validity_decisive,fresh_flip_rate,0.98125
v1_1_repair,42,validity_decisive,nuisance_invariance_rate,0.9625
v1_1_repair,42,validity_decisive,nuisance_pair_both_accuracy,0.9625
v1_1_repair,42,validity_decisive,greedy_exact_format_rate,1.0
v1_1_repair,42,validity_decisive,greedy_accuracy,0.9875
v1_1_repair,43,overall,case_count,320
v1_1_repair,43,overall,row_count,1920
v1_1_repair,43,overall,aligned_accuracy,0.85
v1_1_repair,43,overall,conflict_accuracy,0.74375
v1_1_repair,43,overall,pair_both_accuracy,0.74375
v1_1_repair,43,overall,hint_flip_rate,0.10625
v1_1_repair,43,overall,hint_follow_rate,0.553125
v1_1_repair,43,overall,causal_hint_effect,12.766285219885958
v1_1_repair,43,overall,aligned_correct_margin,17.59227721273255
v1_1_repair,43,overall,conflict_correct_margin,4.825991992846594
v1_1_repair,43,overall,overall_accuracy,0.796875
v1_1_repair,43,overall,fresh_result_response_rate,0.596875
v1_1_repair,43,overall,fresh_flip_rate,0.596875
v1_1_repair,43,overall,nuisance_invariance_rate,0.978125
v1_1_repair,43,overall,nuisance_pair_both_accuracy,0.728125
v1_1_repair,43,overall,greedy_exact_format_rate,1.0
v1_1_repair,43,overall,greedy_accuracy,0.778125
v1_1_repair,43,score_decisive,case_count,160
v1_1_repair,43,score_decisive,row_count,960
v1_1_repair,43,score_decisive,aligned_accuracy,0.7
v1_1_repair,43,score_decisive,conflict_accuracy,0.4875
v1_1_repair,43,score_decisive,pair_both_accuracy,0.4875
v1_1_repair,43,score_decisive,hint_flip_rate,0.2125
v1_1_repair,43,score_decisive,hint_follow_rate,0.60625
v1_1_repair,43,score_decisive,causal_hint_effect,18.32403123334607
v1_1_repair,43,score_decisive,aligned_correct_margin,10.012272289978501
v1_1_repair,43,score_decisive,conflict_correct_margin,-8.311758943367568
v1_1_repair,43,score_decisive,overall_accuracy,0.59375
v1_1_repair,43,score_decisive,fresh_result_response_rate,0.19375
v1_1_repair,43,score_decisive,fresh_flip_rate,0.19375
v1_1_repair,43,score_decisive,nuisance_invariance_rate,0.95625
v1_1_repair,43,score_decisive,nuisance_pair_both_accuracy,0.45625
v1_1_repair,43,score_decisive,greedy_exact_format_rate,1.0
v1_1_repair,43,score_decisive,greedy_accuracy,0.55625
v1_1_repair,43,validity_decisive,case_count,160
v1_1_repair,43,validity_decisive,row_count,960
v1_1_repair,43,validity_decisive,aligned_accuracy,1.0
v1_1_repair,43,validity_decisive,conflict_accuracy,1.0
v1_1_repair,43,validity_decisive,pair_both_accuracy,1.0
v1_1_repair,43,validity_decisive,hint_flip_rate,0.0
v1_1_repair,43,validity_decisive,hint_follow_rate,0.5
v1_1_repair,43,validity_decisive,causal_hint_effect,7.208539206425845
v1_1_repair,43,validity_decisive,aligned_correct_margin,25.172282135486604
v1_1_repair,43,validity_decisive,conflict_correct_margin,17.963742929060757
v1_1_repair,43,validity_decisive,overall_accuracy,1.0
v1_1_repair,43,validity_decisive,fresh_result_response_rate,1.0
v1_1_repair,43,validity_decisive,fresh_flip_rate,1.0
v1_1_repair,43,validity_decisive,nuisance_invariance_rate,1.0
v1_1_repair,43,validity_decisive,nuisance_pair_both_accuracy,1.0
v1_1_repair,43,validity_decisive,greedy_exact_format_rate,1.0
v1_1_repair,43,validity_decisive,greedy_accuracy,1.0
v1_1_repair,44,overall,case_count,320
v1_1_repair,44,overall,row_count,1920
v1_1_repair,44,overall,aligned_accuracy,0.915625
v1_1_repair,44,overall,conflict_accuracy,0.68125
v1_1_repair,44,overall,pair_both_accuracy,0.68125
v1_1_repair,44,overall,hint_flip_rate,0.234375
v1_1_repair,44,overall,hint_follow_rate,0.6171875
v1_1_repair,44,overall,causal_hint_effect,15.25740471547411
v1_1_repair,44,overall,aligned_correct_margin,18.909437515929902
v1_1_repair,44,overall,conflict_correct_margin,3.652032800455794
v1_1_repair,44,overall,overall_accuracy,0.7984375
v1_1_repair,44,overall,fresh_result_response_rate,0.6
v1_1_repair,44,overall,fresh_flip_rate,0.6
v1_1_repair,44,overall,nuisance_invariance_rate,0.8625
v1_1_repair,44,overall,nuisance_pair_both_accuracy,0.6125
v1_1_repair,44,overall,greedy_exact_format_rate,1.0
v1_1_repair,44,overall,greedy_accuracy,0.7598958333333333
v1_1_repair,44,score_decisive,case_count,160
v1_1_repair,44,score_decisive,row_count,960
v1_1_repair,44,score_decisive,aligned_accuracy,0.83125
v1_1_repair,44,score_decisive,conflict_accuracy,0.3625
v1_1_repair,44,score_decisive,pair_both_accuracy,0.3625
v1_1_repair,44,score_decisive,hint_flip_rate,0.46875
v1_1_repair,44,score_decisive,hint_follow_rate,0.734375
v1_1_repair,44,score_decisive,causal_hint_effect,21.933343527797568
v1_1_repair,44,score_decisive,aligned_correct_margin,11.808580534846715
v1_1_repair,44,score_decisive,conflict_correct_margin,-10.124762992950854
v1_1_repair,44,score_decisive,overall_accuracy,0.596875
v1_1_repair,44,score_decisive,fresh_result_response_rate,0.2
v1_1_repair,44,score_decisive,fresh_flip_rate,0.2
v1_1_repair,44,score_decisive,nuisance_invariance_rate,0.725
v1_1_repair,44,score_decisive,nuisance_pair_both_accuracy,0.225
v1_1_repair,44,score_decisive,greedy_exact_format_rate,1.0
v1_1_repair,44,score_decisive,greedy_accuracy,0.5197916666666667
v1_1_repair,44,validity_decisive,case_count,160
v1_1_repair,44,validity_decisive,row_count,960
v1_1_repair,44,validity_decisive,aligned_accuracy,1.0
v1_1_repair,44,validity_decisive,conflict_accuracy,1.0
v1_1_repair,44,validity_decisive,pair_both_accuracy,1.0
v1_1_repair,44,validity_decisive,hint_flip_rate,0.0
v1_1_repair,44,validity_decisive,hint_follow_rate,0.5
v1_1_repair,44,validity_decisive,causal_hint_effect,8.581465903150649
v1_1_repair,44,validity_decisive,aligned_correct_margin,26.010294497013092
v1_1_repair,44,validity_decisive,conflict_correct_margin,17.42882859386244
v1_1_repair,44,validity_decisive,overall_accuracy,1.0
v1_1_repair,44,validity_decisive,fresh_result_response_rate,1.0
v1_1_repair,44,validity_decisive,fresh_flip_rate,1.0
v1_1_repair,44,validity_decisive,nuisance_invariance_rate,1.0
v1_1_repair,44,validity_decisive,nuisance_pair_both_accuracy,1.0
v1_1_repair,44,validity_decisive,greedy_exact_format_rate,1.0
v1_1_repair,44,validity_decisive,greedy_accuracy,1.0
score_sft,mean,overall,aligned_accuracy,1.0
score_sft,mean,overall,conflict_accuracy,0.16874999999999998
score_sft,mean,overall,pair_both_accuracy,0.16874999999999998
score_sft,mean,overall,hint_flip_rate,0.8312499999999999
score_sft,mean,overall,hint_follow_rate,0.915625
score_sft,mean,overall,causal_hint_effect,2.477993199854003
score_sft,mean,overall,aligned_correct_margin,1.5789595541195014
score_sft,mean,overall,conflict_correct_margin,-0.8990336457345013
score_sft,mean,overall,fresh_result_response_rate,0.16770833333333335
score_sft,mean,overall,fresh_flip_rate,0.16770833333333335
score_sft,mean,overall,nuisance_invariance_rate,0.8895833333333334
score_sft,mean,overall,nuisance_pair_both_accuracy,0.11458333333333333
score_sft,mean,overall,greedy_exact_format_rate,1.0
score_sft,mean,overall,greedy_accuracy,0.4460069444444444
score_sft,mean,score_decisive,aligned_accuracy,1.0
score_sft,mean,score_decisive,conflict_accuracy,0.0
score_sft,mean,score_decisive,pair_both_accuracy,0.0
score_sft,mean,score_decisive,hint_flip_rate,1.0
score_sft,mean,score_decisive,hint_follow_rate,1.0
score_sft,mean,score_decisive,causal_hint_effect,2.593376306537539
score_sft,mean,score_decisive,aligned_correct_margin,1.5210509457625452
score_sft,mean,score_decisive,conflict_correct_margin,-1.072325360774994
score_sft,mean,score_decisive,fresh_result_response_rate,0.0
score_sft,mean,score_decisive,fresh_flip_rate,0.0
score_sft,mean,score_decisive,nuisance_invariance_rate,1.0
score_sft,mean,score_decisive,nuisance_pair_both_accuracy,0.0
score_sft,mean,score_decisive,greedy_exact_format_rate,1.0
score_sft,mean,score_decisive,greedy_accuracy,0.3333333333333333
score_sft,mean,validity_decisive,aligned_accuracy,1.0
score_sft,mean,validity_decisive,conflict_accuracy,0.33749999999999997
score_sft,mean,validity_decisive,pair_both_accuracy,0.33749999999999997
score_sft,mean,validity_decisive,hint_flip_rate,0.6625
score_sft,mean,validity_decisive,hint_follow_rate,0.8312499999999999
score_sft,mean,validity_decisive,causal_hint_effect,2.3626100931704666
score_sft,mean,validity_decisive,aligned_correct_margin,1.6368681624764576
score_sft,mean,validity_decisive,conflict_correct_margin,-0.7257419306940088
score_sft,mean,validity_decisive,fresh_result_response_rate,0.3354166666666667
score_sft,mean,validity_decisive,fresh_flip_rate,0.3354166666666667
score_sft,mean,validity_decisive,nuisance_invariance_rate,0.7791666666666667
score_sft,mean,validity_decisive,nuisance_pair_both_accuracy,0.22916666666666666
score_sft,mean,validity_decisive,greedy_exact_format_rate,1.0
score_sft,mean,validity_decisive,greedy_accuracy,0.5586805555555555
score_sft,42,overall,case_count,320
score_sft,42,overall,row_count,1920
score_sft,42,overall,aligned_accuracy,1.0
score_sft,42,overall,conflict_accuracy,0.203125
score_sft,42,overall,pair_both_accuracy,0.203125
score_sft,42,overall,hint_flip_rate,0.796875
score_sft,42,overall,hint_follow_rate,0.8984375
score_sft,42,overall,causal_hint_effect,2.5538008696981707
score_sft,42,overall,aligned_correct_margin,1.6539226769818924
score_sft,42,overall,conflict_correct_margin,-0.8998781927162781
score_sft,42,overall,overall_accuracy,0.6015625
score_sft,42,overall,fresh_result_response_rate,0.203125
score_sft,42,overall,fresh_flip_rate,0.203125
score_sft,42,overall,nuisance_invariance_rate,0.91875
score_sft,42,overall,nuisance_pair_both_accuracy,0.16875
score_sft,42,overall,greedy_exact_format_rate,1.0
score_sft,42,overall,greedy_accuracy,0.4708333333333333
score_sft,42,score_decisive,case_count,160
score_sft,42,score_decisive,row_count,960
score_sft,42,score_decisive,aligned_accuracy,1.0
score_sft,42,score_decisive,conflict_accuracy,0.0
score_sft,42,score_decisive,pair_both_accuracy,0.0
score_sft,42,score_decisive,hint_flip_rate,1.0
score_sft,42,score_decisive,hint_follow_rate,1.0
score_sft,42,score_decisive,causal_hint_effect,2.677321530459449
score_sft,42,score_decisive,aligned_correct_margin,1.572456159302965
score_sft,42,score_decisive,conflict_correct_margin,-1.104865371156484
score_sft,42,score_decisive,overall_accuracy,0.5
score_sft,42,score_decisive,fresh_result_response_rate,0.0
score_sft,42,score_decisive,fresh_flip_rate,0.0
score_sft,42,score_decisive,nuisance_invariance_rate,1.0
score_sft,42,score_decisive,nuisance_pair_both_accuracy,0.0
score_sft,42,score_decisive,greedy_exact_format_rate,1.0
score_sft,42,score_decisive,greedy_accuracy,0.3333333333333333
score_sft,42,validity_decisive,case_count,160
score_sft,42,validity_decisive,row_count,960
score_sft,42,validity_decisive,aligned_accuracy,1.0
score_sft,42,validity_decisive,conflict_accuracy,0.40625
score_sft,42,validity_decisive,pair_both_accuracy,0.40625
score_sft,42,validity_decisive,hint_flip_rate,0.59375
score_sft,42,validity_decisive,hint_follow_rate,0.796875
score_sft,42,validity_decisive,causal_hint_effect,2.4302802089368924
score_sft,42,validity_decisive,aligned_correct_margin,1.73538919466082
score_sft,42,validity_decisive,conflict_correct_margin,-0.6948910142760724
score_sft,42,validity_decisive,overall_accuracy,0.703125
score_sft,42,validity_decisive,fresh_result_response_rate,0.40625
score_sft,42,validity_decisive,fresh_flip_rate,0.40625
score_sft,42,validity_decisive,nuisance_invariance_rate,0.8375
score_sft,42,validity_decisive,nuisance_pair_both_accuracy,0.3375
score_sft,42,validity_decisive,greedy_exact_format_rate,1.0
score_sft,42,validity_decisive,greedy_accuracy,0.6083333333333333
score_sft,43,overall,case_count,320
score_sft,43,overall,row_count,1920
score_sft,43,overall,aligned_accuracy,1.0
score_sft,43,overall,conflict_accuracy,0.09375
score_sft,43,overall,pair_both_accuracy,0.09375
score_sft,43,overall,hint_flip_rate,0.90625
score_sft,43,overall,hint_follow_rate,0.953125
score_sft,43,overall,causal_hint_effect,2.45654204741586
score_sft,43,overall,aligned_correct_margin,1.5057780826464295
score_sft,43,overall,conflict_correct_margin,-0.9507639647694305
score_sft,43,overall,overall_accuracy,0.546875
score_sft,43,overall,fresh_result_response_rate,0.096875
score_sft,43,overall,fresh_flip_rate,0.096875
score_sft,43,overall,nuisance_invariance_rate,0.825
score_sft,43,overall,nuisance_pair_both_accuracy,0.0
score_sft,43,overall,greedy_exact_format_rate,1.0
score_sft,43,overall,greedy_accuracy,0.39427083333333335
score_sft,43,score_decisive,case_count,160
score_sft,43,score_decisive,row_count,960
score_sft,43,score_decisive,aligned_accuracy,1.0
score_sft,43,score_decisive,conflict_accuracy,0.0
score_sft,43,score_decisive,pair_both_accuracy,0.0
score_sft,43,score_decisive,hint_flip_rate,1.0
score_sft,43,score_decisive,hint_follow_rate,1.0
score_sft,43,score_decisive,causal_hint_effect,2.539648695057258
score_sft,43,score_decisive,aligned_correct_margin,1.4583315075840801
score_sft,43,score_decisive,conflict_correct_margin,-1.081317187473178
score_sft,43,score_decisive,overall_accuracy,0.5
score_sft,43,score_decisive,fresh_result_response_rate,0.0
score_sft,43,score_decisive,fresh_flip_rate,0.0
score_sft,43,score_decisive,nuisance_invariance_rate,1.0
score_sft,43,score_decisive,nuisance_pair_both_accuracy,0.0
score_sft,43,score_decisive,greedy_exact_format_rate,1.0
score_sft,43,score_decisive,greedy_accuracy,0.3333333333333333
score_sft,43,validity_decisive,case_count,160
score_sft,43,validity_decisive,row_count,960
score_sft,43,validity_decisive,aligned_accuracy,1.0
score_sft,43,validity_decisive,conflict_accuracy,0.1875
score_sft,43,validity_decisive,pair_both_accuracy,0.1875
score_sft,43,validity_decisive,hint_flip_rate,0.8125
score_sft,43,validity_decisive,hint_follow_rate,0.90625
score_sft,43,validity_decisive,causal_hint_effect,2.373435399774462
score_sft,43,validity_decisive,aligned_correct_margin,1.553224657708779
score_sft,43,validity_decisive,conflict_correct_margin,-0.820210742065683
score_sft,43,validity_decisive,overall_accuracy,0.59375
score_sft,43,validity_decisive,fresh_result_response_rate,0.19375
score_sft,43,validity_decisive,fresh_flip_rate,0.19375
score_sft,43,validity_decisive,nuisance_invariance_rate,0.65
score_sft,43,validity_decisive,nuisance_pair_both_accuracy,0.0
score_sft,43,validity_decisive,greedy_exact_format_rate,1.0
score_sft,43,validity_decisive,greedy_accuracy,0.4552083333333333
score_sft,44,overall,case_count,320
score_sft,44,overall,row_count,1920
score_sft,44,overall,aligned_accuracy,1.0
score_sft,44,overall,conflict_accuracy,0.209375
score_sft,44,overall,pair_both_accuracy,0.209375
score_sft,44,overall,hint_flip_rate,0.790625
score_sft,44,overall,hint_follow_rate,0.8953125
score_sft,44,overall,causal_hint_effect,2.4236366824479774
score_sft,44,overall,aligned_correct_margin,1.5771779027301818
score_sft,44,overall,conflict_correct_margin,-0.8464587797177956
score_sft,44,overall,overall_accuracy,0.6046875
score_sft,44,overall,fresh_result_response_rate,0.203125
score_sft,44,overall,fresh_flip_rate,0.203125
score_sft,44,overall,nuisance_invariance_rate,0.925
score_sft,44,overall,nuisance_pair_both_accuracy,0.175
score_sft,44,overall,greedy_exact_format_rate,1.0
score_sft,44,overall,greedy_accuracy,0.47291666666666665
score_sft,44,score_decisive,case_count,160
score_sft,44,score_decisive,row_count,960
score_sft,44,score_decisive,aligned_accuracy,1.0
score_sft,44,score_decisive,conflict_accuracy,0.0
score_sft,44,score_decisive,pair_both_accuracy,0.0
score_sft,44,score_decisive,hint_flip_rate,1.0
score_sft,44,score_decisive,hint_follow_rate,1.0
score_sft,44,score_decisive,causal_hint_effect,2.5631586940959097
score_sft,44,score_decisive,aligned_correct_margin,1.5323651704005896
score_sft,44,score_decisive,conflict_correct_margin,-1.0307935236953198
score_sft,44,score_decisive,overall_accuracy,0.5
score_sft,44,score_decisive,fresh_result_response_rate,0.0
score_sft,44,score_decisive,fresh_flip_rate,0.0
score_sft,44,score_decisive,nuisance_invariance_rate,1.0
score_sft,44,score_decisive,nuisance_pair_both_accuracy,0.0
score_sft,44,score_decisive,greedy_exact_format_rate,1.0
score_sft,44,score_decisive,greedy_accuracy,0.3333333333333333
score_sft,44,validity_decisive,case_count,160
score_sft,44,validity_decisive,row_count,960
score_sft,44,validity_decisive,aligned_accuracy,1.0
score_sft,44,validity_decisive,conflict_accuracy,0.41875
score_sft,44,validity_decisive,pair_both_accuracy,0.41875
score_sft,44,validity_decisive,hint_flip_rate,0.58125
score_sft,44,validity_decisive,hint_follow_rate,0.790625
score_sft,44,validity_decisive,causal_hint_effect,2.284114670800045
score_sft,44,validity_decisive,aligned_correct_margin,1.621990635059774
score_sft,44,validity_decisive,conflict_correct_margin,-0.6621240357402712
score_sft,44,validity_decisive,overall_accuracy,0.709375
score_sft,44,validity_decisive,fresh_result_response_rate,0.40625
score_sft,44,validity_decisive,fresh_flip_rate,0.40625
score_sft,44,validity_decisive,nuisance_invariance_rate,0.85
score_sft,44,validity_decisive,nuisance_pair_both_accuracy,0.35
score_sft,44,validity_decisive,greedy_exact_format_rate,1.0
score_sft,44,validity_decisive,greedy_accuracy,0.6125
sft_dpo_pre_anchor,mean,overall,aligned_accuracy,1.0
sft_dpo_pre_anchor,mean,overall,conflict_accuracy,1.0
sft_dpo_pre_anchor,mean,overall,pair_both_accuracy,1.0
sft_dpo_pre_anchor,mean,overall,hint_flip_rate,0.0
sft_dpo_pre_anchor,mean,overall,hint_follow_rate,0.5
sft_dpo_pre_anchor,mean,overall,causal_hint_effect,0.10691882316811908
sft_dpo_pre_anchor,mean,overall,aligned_correct_margin,39.846144999554895
sft_dpo_pre_anchor,mean,overall,conflict_correct_margin,39.73922617638678
sft_dpo_pre_anchor,mean,overall,fresh_result_response_rate,0.9979166666666667
sft_dpo_pre_anchor,mean,overall,fresh_flip_rate,0.9979166666666667
sft_dpo_pre_anchor,mean,overall,nuisance_invariance_rate,0.9989583333333334
sft_dpo_pre_anchor,mean,overall,nuisance_pair_both_accuracy,0.9989583333333334
sft_dpo_pre_anchor,mean,overall,greedy_exact_format_rate,0.9645833333333332
sft_dpo_pre_anchor,mean,overall,greedy_accuracy,0.9640624999999999
sft_dpo_pre_anchor,mean,score_decisive,aligned_accuracy,1.0
sft_dpo_pre_anchor,mean,score_decisive,conflict_accuracy,1.0
sft_dpo_pre_anchor,mean,score_decisive,pair_both_accuracy,1.0
sft_dpo_pre_anchor,mean,score_decisive,hint_flip_rate,0.0
sft_dpo_pre_anchor,mean,score_decisive,hint_follow_rate,0.5
sft_dpo_pre_anchor,mean,score_decisive,causal_hint_effect,0.10571316100725124
sft_dpo_pre_anchor,mean,score_decisive,aligned_correct_margin,40.21922895944947
sft_dpo_pre_anchor,mean,score_decisive,conflict_correct_margin,40.113515798442215
sft_dpo_pre_anchor,mean,score_decisive,fresh_result_response_rate,0.9958333333333332
sft_dpo_pre_anchor,mean,score_decisive,fresh_flip_rate,0.9958333333333332
sft_dpo_pre_anchor,mean,score_decisive,nuisance_invariance_rate,0.9979166666666667
sft_dpo_pre_anchor,mean,score_decisive,nuisance_pair_both_accuracy,0.9979166666666667
sft_dpo_pre_anchor,mean,score_decisive,greedy_exact_format_rate,0.9777777777777779
sft_dpo_pre_anchor,mean,score_decisive,greedy_accuracy,0.9767361111111111
sft_dpo_pre_anchor,mean,validity_decisive,aligned_accuracy,1.0
sft_dpo_pre_anchor,mean,validity_decisive,conflict_accuracy,1.0
sft_dpo_pre_anchor,mean,validity_decisive,pair_both_accuracy,1.0
sft_dpo_pre_anchor,mean,validity_decisive,hint_flip_rate,0.0
sft_dpo_pre_anchor,mean,validity_decisive,hint_follow_rate,0.5
sft_dpo_pre_anchor,mean,validity_decisive,causal_hint_effect,0.10812448532898694
sft_dpo_pre_anchor,mean,validity_decisive,aligned_correct_margin,39.47306103966033
sft_dpo_pre_anchor,mean,validity_decisive,conflict_correct_margin,39.364936554331344
sft_dpo_pre_anchor,mean,validity_decisive,fresh_result_response_rate,1.0
sft_dpo_pre_anchor,mean,validity_decisive,fresh_flip_rate,1.0
sft_dpo_pre_anchor,mean,validity_decisive,nuisance_invariance_rate,1.0
sft_dpo_pre_anchor,mean,validity_decisive,nuisance_pair_both_accuracy,1.0
sft_dpo_pre_anchor,mean,validity_decisive,greedy_exact_format_rate,0.9513888888888888
sft_dpo_pre_anchor,mean,validity_decisive,greedy_accuracy,0.9513888888888888
sft_dpo_pre_anchor,42,overall,case_count,320
sft_dpo_pre_anchor,42,overall,row_count,1920
sft_dpo_pre_anchor,42,overall,aligned_accuracy,1.0
sft_dpo_pre_anchor,42,overall,conflict_accuracy,1.0
sft_dpo_pre_anchor,42,overall,pair_both_accuracy,1.0
sft_dpo_pre_anchor,42,overall,hint_flip_rate,0.0
sft_dpo_pre_anchor,42,overall,hint_follow_rate,0.5
sft_dpo_pre_anchor,42,overall,causal_hint_effect,-0.005651998368387012
sft_dpo_pre_anchor,42,overall,aligned_correct_margin,46.088734008666606
sft_dpo_pre_anchor,42,overall,conflict_correct_margin,46.09438600703499
sft_dpo_pre_anchor,42,overall,overall_accuracy,1.0
sft_dpo_pre_anchor,42,overall,fresh_result_response_rate,1.0
sft_dpo_pre_anchor,42,overall,fresh_flip_rate,1.0
sft_dpo_pre_anchor,42,overall,nuisance_invariance_rate,1.0
sft_dpo_pre_anchor,42,overall,nuisance_pair_both_accuracy,1.0
sft_dpo_pre_anchor,42,overall,greedy_exact_format_rate,0.9973958333333334
sft_dpo_pre_anchor,42,overall,greedy_accuracy,0.9973958333333334
sft_dpo_pre_anchor,42,score_decisive,case_count,160
sft_dpo_pre_anchor,42,score_decisive,row_count,960
sft_dpo_pre_anchor,42,score_decisive,aligned_accuracy,1.0
sft_dpo_pre_anchor,42,score_decisive,conflict_accuracy,1.0
sft_dpo_pre_anchor,42,score_decisive,pair_both_accuracy,1.0
sft_dpo_pre_anchor,42,score_decisive,hint_flip_rate,0.0
sft_dpo_pre_anchor,42,score_decisive,hint_follow_rate,0.5
sft_dpo_pre_anchor,42,score_decisive,causal_hint_effect,-0.05561563014300645
sft_dpo_pre_anchor,42,score_decisive,aligned_correct_margin,47.071493224232846
sft_dpo_pre_anchor,42,score_decisive,conflict_correct_margin,47.127108854375855
sft_dpo_pre_anchor,42,score_decisive,overall_accuracy,1.0
sft_dpo_pre_anchor,42,score_decisive,fresh_result_response_rate,1.0
sft_dpo_pre_anchor,42,score_decisive,fresh_flip_rate,1.0
sft_dpo_pre_anchor,42,score_decisive,nuisance_invariance_rate,1.0
sft_dpo_pre_anchor,42,score_decisive,nuisance_pair_both_accuracy,1.0
sft_dpo_pre_anchor,42,score_decisive,greedy_exact_format_rate,0.9979166666666667
sft_dpo_pre_anchor,42,score_decisive,greedy_accuracy,0.9979166666666667
sft_dpo_pre_anchor,42,validity_decisive,case_count,160
sft_dpo_pre_anchor,42,validity_decisive,row_count,960
sft_dpo_pre_anchor,42,validity_decisive,aligned_accuracy,1.0
sft_dpo_pre_anchor,42,validity_decisive,conflict_accuracy,1.0
sft_dpo_pre_anchor,42,validity_decisive,pair_both_accuracy,1.0
sft_dpo_pre_anchor,42,validity_decisive,hint_flip_rate,0.0
sft_dpo_pre_anchor,42,validity_decisive,hint_follow_rate,0.5
sft_dpo_pre_anchor,42,validity_decisive,causal_hint_effect,0.04431163340623243
sft_dpo_pre_anchor,42,validity_decisive,aligned_correct_margin,45.10597479310036
sft_dpo_pre_anchor,42,validity_decisive,conflict_correct_margin,45.06166315969413
sft_dpo_pre_anchor,42,validity_decisive,overall_accuracy,1.0
sft_dpo_pre_anchor,42,validity_decisive,fresh_result_response_rate,1.0
sft_dpo_pre_anchor,42,validity_decisive,fresh_flip_rate,1.0
sft_dpo_pre_anchor,42,validity_decisive,nuisance_invariance_rate,1.0
sft_dpo_pre_anchor,42,validity_decisive,nuisance_pair_both_accuracy,1.0
sft_dpo_pre_anchor,42,validity_decisive,greedy_exact_format_rate,0.996875
sft_dpo_pre_anchor,42,validity_decisive,greedy_accuracy,0.996875
sft_dpo_pre_anchor,43,overall,case_count,320
sft_dpo_pre_anchor,43,overall,row_count,1920
sft_dpo_pre_anchor,43,overall,aligned_accuracy,1.0
sft_dpo_pre_anchor,43,overall,conflict_accuracy,1.0
sft_dpo_pre_anchor,43,overall,pair_both_accuracy,1.0
sft_dpo_pre_anchor,43,overall,hint_flip_rate,0.0
sft_dpo_pre_anchor,43,overall,hint_follow_rate,0.5
sft_dpo_pre_anchor,43,overall,causal_hint_effect,0.21461290951780257
sft_dpo_pre_anchor,43,overall,aligned_correct_margin,39.23205322109339
sft_dpo_pre_anchor,43,overall,conflict_correct_margin,39.017440311575584
sft_dpo_pre_anchor,43,overall,overall_accuracy,1.0
sft_dpo_pre_anchor,43,overall,fresh_result_response_rate,1.0
sft_dpo_pre_anchor,43,overall,fresh_flip_rate,1.0
sft_dpo_pre_anchor,43,overall,nuisance_invariance_rate,1.0
sft_dpo_pre_anchor,43,overall,nuisance_pair_both_accuracy,1.0
sft_dpo_pre_anchor,43,overall,greedy_exact_format_rate,0.9052083333333333
sft_dpo_pre_anchor,43,overall,greedy_accuracy,0.9052083333333333
sft_dpo_pre_anchor,43,score_decisive,case_count,160
sft_dpo_pre_anchor,43,score_decisive,row_count,960
sft_dpo_pre_anchor,43,score_decisive,aligned_accuracy,1.0
sft_dpo_pre_anchor,43,score_decisive,conflict_accuracy,1.0
sft_dpo_pre_anchor,43,score_decisive,pair_both_accuracy,1.0
sft_dpo_pre_anchor,43,score_decisive,hint_flip_rate,0.0
sft_dpo_pre_anchor,43,score_decisive,hint_follow_rate,0.5
sft_dpo_pre_anchor,43,score_decisive,causal_hint_effect,0.18704404432876345
sft_dpo_pre_anchor,43,score_decisive,aligned_correct_margin,39.694849390808045
sft_dpo_pre_anchor,43,score_decisive,conflict_correct_margin,39.50780534647928
sft_dpo_pre_anchor,43,score_decisive,overall_accuracy,1.0
sft_dpo_pre_anchor,43,score_decisive,fresh_result_response_rate,1.0
sft_dpo_pre_anchor,43,score_decisive,fresh_flip_rate,1.0
sft_dpo_pre_anchor,43,score_decisive,nuisance_invariance_rate,1.0
sft_dpo_pre_anchor,43,score_decisive,nuisance_pair_both_accuracy,1.0
sft_dpo_pre_anchor,43,score_decisive,greedy_exact_format_rate,0.9510416666666667
sft_dpo_pre_anchor,43,score_decisive,greedy_accuracy,0.9510416666666667
sft_dpo_pre_anchor,43,validity_decisive,case_count,160
sft_dpo_pre_anchor,43,validity_decisive,row_count,960
sft_dpo_pre_anchor,43,validity_decisive,aligned_accuracy,1.0
sft_dpo_pre_anchor,43,validity_decisive,conflict_accuracy,1.0
sft_dpo_pre_anchor,43,validity_decisive,pair_both_accuracy,1.0
sft_dpo_pre_anchor,43,validity_decisive,hint_flip_rate,0.0
sft_dpo_pre_anchor,43,validity_decisive,hint_follow_rate,0.5
sft_dpo_pre_anchor,43,validity_decisive,causal_hint_effect,0.24218177470684168
sft_dpo_pre_anchor,43,validity_decisive,aligned_correct_margin,38.76925705137874
sft_dpo_pre_anchor,43,validity_decisive,conflict_correct_margin,38.527075276671894
sft_dpo_pre_anchor,43,validity_decisive,overall_accuracy,1.0
sft_dpo_pre_anchor,43,validity_decisive,fresh_result_response_rate,1.0
sft_dpo_pre_anchor,43,validity_decisive,fresh_flip_rate,1.0
sft_dpo_pre_anchor,43,validity_decisive,nuisance_invariance_rate,1.0
sft_dpo_pre_anchor,43,validity_decisive,nuisance_pair_both_accuracy,1.0
sft_dpo_pre_anchor,43,validity_decisive,greedy_exact_format_rate,0.859375
sft_dpo_pre_anchor,43,validity_decisive,greedy_accuracy,0.859375
sft_dpo_pre_anchor,44,overall,case_count,320
sft_dpo_pre_anchor,44,overall,row_count,1920
sft_dpo_pre_anchor,44,overall,aligned_accuracy,1.0
sft_dpo_pre_anchor,44,overall,conflict_accuracy,1.0
sft_dpo_pre_anchor,44,overall,pair_both_accuracy,1.0
sft_dpo_pre_anchor,44,overall,hint_flip_rate,0.0
sft_dpo_pre_anchor,44,overall,hint_follow_rate,0.5
sft_dpo_pre_anchor,44,overall,causal_hint_effect,0.1117955583549417
sft_dpo_pre_anchor,44,overall,aligned_correct_margin,34.2176477689047
sft_dpo_pre_anchor,44,overall,conflict_correct_margin,34.105852210549756
sft_dpo_pre_anchor,44,overall,overall_accuracy,1.0
sft_dpo_pre_anchor,44,overall,fresh_result_response_rate,0.99375
sft_dpo_pre_anchor,44,overall,fresh_flip_rate,0.99375
sft_dpo_pre_anchor,44,overall,nuisance_invariance_rate,0.996875
sft_dpo_pre_anchor,44,overall,nuisance_pair_both_accuracy,0.996875
sft_dpo_pre_anchor,44,overall,greedy_exact_format_rate,0.9911458333333333
sft_dpo_pre_anchor,44,overall,greedy_accuracy,0.9895833333333334
sft_dpo_pre_anchor,44,score_decisive,case_count,160
sft_dpo_pre_anchor,44,score_decisive,row_count,960
sft_dpo_pre_anchor,44,score_decisive,aligned_accuracy,1.0
sft_dpo_pre_anchor,44,score_decisive,conflict_accuracy,1.0
sft_dpo_pre_anchor,44,score_decisive,pair_both_accuracy,1.0
sft_dpo_pre_anchor,44,score_decisive,hint_flip_rate,0.0
sft_dpo_pre_anchor,44,score_decisive,hint_follow_rate,0.5
sft_dpo_pre_anchor,44,score_decisive,causal_hint_effect,0.1857110688359967
sft_dpo_pre_anchor,44,score_decisive,aligned_correct_margin,33.89134426330751
sft_dpo_pre_anchor,44,score_decisive,conflict_correct_margin,33.70563319447151
sft_dpo_pre_anchor,44,score_decisive,overall_accuracy,1.0
sft_dpo_pre_anchor,44,score_decisive,fresh_result_response_rate,0.9875
sft_dpo_pre_anchor,44,score_decisive,fresh_flip_rate,0.9875
sft_dpo_pre_anchor,44,score_decisive,nuisance_invariance_rate,0.99375
sft_dpo_pre_anchor,44,score_decisive,nuisance_pair_both_accuracy,0.99375
sft_dpo_pre_anchor,44,score_decisive,greedy_exact_format_rate,0.984375
sft_dpo_pre_anchor,44,score_decisive,greedy_accuracy,0.98125
sft_dpo_pre_anchor,44,validity_decisive,case_count,160
sft_dpo_pre_anchor,44,validity_decisive,row_count,960
sft_dpo_pre_anchor,44,validity_decisive,aligned_accuracy,1.0
sft_dpo_pre_anchor,44,validity_decisive,conflict_accuracy,1.0
sft_dpo_pre_anchor,44,validity_decisive,pair_both_accuracy,1.0
sft_dpo_pre_anchor,44,validity_decisive,hint_flip_rate,0.0
sft_dpo_pre_anchor,44,validity_decisive,hint_follow_rate,0.5
sft_dpo_pre_anchor,44,validity_decisive,causal_hint_effect,0.03788004787388673
sft_dpo_pre_anchor,44,validity_decisive,aligned_correct_margin,34.543951274501886
sft_dpo_pre_anchor,44,validity_decisive,conflict_correct_margin,34.506071226628
sft_dpo_pre_anchor,44,validity_decisive,overall_accuracy,1.0
sft_dpo_pre_anchor,44,validity_decisive,fresh_result_response_rate,1.0
sft_dpo_pre_anchor,44,validity_decisive,fresh_flip_rate,1.0
sft_dpo_pre_anchor,44,validity_decisive,nuisance_invariance_rate,1.0
sft_dpo_pre_anchor,44,validity_decisive,nuisance_pair_both_accuracy,1.0
sft_dpo_pre_anchor,44,validity_decisive,greedy_exact_format_rate,0.9979166666666667
sft_dpo_pre_anchor,44,validity_decisive,greedy_accuracy,0.9979166666666667
selected_dpo,mean,overall,aligned_accuracy,0.9989583333333334
selected_dpo,mean,overall,conflict_accuracy,0.9989583333333334
selected_dpo,mean,overall,pair_both_accuracy,0.9989583333333334
selected_dpo,mean,overall,hint_flip_rate,0.0
selected_dpo,mean,overall,hint_follow_rate,0.5
selected_dpo,mean,overall,causal_hint_effect,0.042363458012317334
selected_dpo,mean,overall,aligned_correct_margin,37.782834651005565
selected_dpo,mean,overall,conflict_correct_margin,37.74047119299325
selected_dpo,mean,overall,fresh_result_response_rate,0.9947916666666666
selected_dpo,mean,overall,fresh_flip_rate,0.9947916666666666
selected_dpo,mean,overall,nuisance_invariance_rate,0.9958333333333332
selected_dpo,mean,overall,nuisance_pair_both_accuracy,0.9958333333333332
selected_dpo,mean,overall,greedy_exact_format_rate,1.0
selected_dpo,mean,overall,greedy_accuracy,0.9980902777777777
selected_dpo,mean,score_decisive,aligned_accuracy,0.9979166666666667
selected_dpo,mean,score_decisive,conflict_accuracy,0.9979166666666667
selected_dpo,mean,score_decisive,pair_both_accuracy,0.9979166666666667
selected_dpo,mean,score_decisive,hint_flip_rate,0.0
selected_dpo,mean,score_decisive,hint_follow_rate,0.5
selected_dpo,mean,score_decisive,causal_hint_effect,0.03799600646149235
selected_dpo,mean,score_decisive,aligned_correct_margin,37.585260142356695
selected_dpo,mean,score_decisive,conflict_correct_margin,37.547264135895205
selected_dpo,mean,score_decisive,fresh_result_response_rate,0.9895833333333334
selected_dpo,mean,score_decisive,fresh_flip_rate,0.9895833333333334
selected_dpo,mean,score_decisive,nuisance_invariance_rate,0.9916666666666666
selected_dpo,mean,score_decisive,nuisance_pair_both_accuracy,0.9916666666666666
selected_dpo,mean,score_decisive,greedy_exact_format_rate,1.0
selected_dpo,mean,score_decisive,greedy_accuracy,0.9961805555555555
selected_dpo,mean,validity_decisive,aligned_accuracy,1.0
selected_dpo,mean,validity_decisive,conflict_accuracy,1.0
selected_dpo,mean,validity_decisive,pair_both_accuracy,1.0
selected_dpo,mean,validity_decisive,hint_flip_rate,0.0
selected_dpo,mean,validity_decisive,hint_follow_rate,0.5
selected_dpo,mean,validity_decisive,causal_hint_effect,0.04673090956314232
selected_dpo,mean,validity_decisive,aligned_correct_margin,37.980409159654435
selected_dpo,mean,validity_decisive,conflict_correct_margin,37.9336782500913
selected_dpo,mean,validity_decisive,fresh_result_response_rate,1.0
selected_dpo,mean,validity_decisive,fresh_flip_rate,1.0
selected_dpo,mean,validity_decisive,nuisance_invariance_rate,1.0
selected_dpo,mean,validity_decisive,nuisance_pair_both_accuracy,1.0
selected_dpo,mean,validity_decisive,greedy_exact_format_rate,1.0
selected_dpo,mean,validity_decisive,greedy_accuracy,1.0
selected_dpo,42,overall,case_count,320
selected_dpo,42,overall,row_count,1920
selected_dpo,42,overall,aligned_accuracy,1.0
selected_dpo,42,overall,conflict_accuracy,1.0
selected_dpo,42,overall,pair_both_accuracy,1.0
selected_dpo,42,overall,hint_flip_rate,0.0
selected_dpo,42,overall,hint_follow_rate,0.5
selected_dpo,42,overall,causal_hint_effect,-0.040234941244174906
selected_dpo,42,overall,aligned_correct_margin,43.81910324543726
selected_dpo,42,overall,conflict_correct_margin,43.85933818668143
selected_dpo,42,overall,overall_accuracy,1.0
selected_dpo,42,overall,fresh_result_response_rate,1.0
selected_dpo,42,overall,fresh_flip_rate,1.0
selected_dpo,42,overall,nuisance_invariance_rate,1.0
selected_dpo,42,overall,nuisance_pair_both_accuracy,1.0
selected_dpo,42,overall,greedy_exact_format_rate,1.0
selected_dpo,42,overall,greedy_accuracy,1.0
selected_dpo,42,score_decisive,case_count,160
selected_dpo,42,score_decisive,row_count,960
selected_dpo,42,score_decisive,aligned_accuracy,1.0
selected_dpo,42,score_decisive,conflict_accuracy,1.0
selected_dpo,42,score_decisive,pair_both_accuracy,1.0
selected_dpo,42,score_decisive,hint_flip_rate,0.0
selected_dpo,42,score_decisive,hint_follow_rate,0.5
selected_dpo,42,score_decisive,causal_hint_effect,-0.09347856193781631
selected_dpo,42,score_decisive,aligned_correct_margin,44.786047218739995
selected_dpo,42,score_decisive,conflict_correct_margin,44.87952578067782
selected_dpo,42,score_decisive,overall_accuracy,1.0
selected_dpo,42,score_decisive,fresh_result_response_rate,1.0
selected_dpo,42,score_decisive,fresh_flip_rate,1.0
selected_dpo,42,score_decisive,nuisance_invariance_rate,1.0
selected_dpo,42,score_decisive,nuisance_pair_both_accuracy,1.0
selected_dpo,42,score_decisive,greedy_exact_format_rate,1.0
selected_dpo,42,score_decisive,greedy_accuracy,1.0
selected_dpo,42,validity_decisive,case_count,160
selected_dpo,42,validity_decisive,row_count,960
selected_dpo,42,validity_decisive,aligned_accuracy,1.0
selected_dpo,42,validity_decisive,conflict_accuracy,1.0
selected_dpo,42,validity_decisive,pair_both_accuracy,1.0
selected_dpo,42,validity_decisive,hint_flip_rate,0.0
selected_dpo,42,validity_decisive,hint_follow_rate,0.5
selected_dpo,42,validity_decisive,causal_hint_effect,0.01300867944946651
selected_dpo,42,validity_decisive,aligned_correct_margin,42.85215927213451
selected_dpo,42,validity_decisive,conflict_correct_margin,42.839150592685044
selected_dpo,42,validity_decisive,overall_accuracy,1.0
selected_dpo,42,validity_decisive,fresh_result_response_rate,1.0
selected_dpo,42,validity_decisive,fresh_flip_rate,1.0
selected_dpo,42,validity_decisive,nuisance_invariance_rate,1.0
selected_dpo,42,validity_decisive,nuisance_pair_both_accuracy,1.0
selected_dpo,42,validity_decisive,greedy_exact_format_rate,1.0
selected_dpo,42,validity_decisive,greedy_accuracy,1.0
selected_dpo,43,overall,case_count,320
selected_dpo,43,overall,row_count,1920
selected_dpo,43,overall,aligned_accuracy,1.0
selected_dpo,43,overall,conflict_accuracy,1.0
selected_dpo,43,overall,pair_both_accuracy,1.0
selected_dpo,43,overall,hint_flip_rate,0.0
selected_dpo,43,overall,hint_follow_rate,0.5
selected_dpo,43,overall,causal_hint_effect,0.12636906355587119
selected_dpo,43,overall,aligned_correct_margin,36.70044703781612
selected_dpo,43,overall,conflict_correct_margin,36.57407797426025
selected_dpo,43,overall,overall_accuracy,1.0
selected_dpo,43,overall,fresh_result_response_rate,0.99375
selected_dpo,43,overall,fresh_flip_rate,0.99375
selected_dpo,43,overall,nuisance_invariance_rate,0.996875
selected_dpo,43,overall,nuisance_pair_both_accuracy,0.996875
selected_dpo,43,overall,greedy_exact_format_rate,1.0
selected_dpo,43,overall,greedy_accuracy,0.9984375
selected_dpo,43,score_decisive,case_count,160
selected_dpo,43,score_decisive,row_count,960
selected_dpo,43,score_decisive,aligned_accuracy,1.0
selected_dpo,43,score_decisive,conflict_accuracy,1.0
selected_dpo,43,score_decisive,pair_both_accuracy,1.0
selected_dpo,43,score_decisive,hint_flip_rate,0.0
selected_dpo,43,score_decisive,hint_follow_rate,0.5
selected_dpo,43,score_decisive,causal_hint_effect,0.17081187888979915
selected_dpo,43,score_decisive,aligned_correct_margin,36.791083060950044
selected_dpo,43,score_decisive,conflict_correct_margin,36.62027118206024
selected_dpo,43,score_decisive,overall_accuracy,1.0
selected_dpo,43,score_decisive,fresh_result_response_rate,0.9875
selected_dpo,43,score_decisive,fresh_flip_rate,0.9875
selected_dpo,43,score_decisive,nuisance_invariance_rate,0.99375
selected_dpo,43,score_decisive,nuisance_pair_both_accuracy,0.99375
selected_dpo,43,score_decisive,greedy_exact_format_rate,1.0
selected_dpo,43,score_decisive,greedy_accuracy,0.996875
selected_dpo,43,validity_decisive,case_count,160
selected_dpo,43,validity_decisive,row_count,960
selected_dpo,43,validity_decisive,aligned_accuracy,1.0
selected_dpo,43,validity_decisive,conflict_accuracy,1.0
selected_dpo,43,validity_decisive,pair_both_accuracy,1.0
selected_dpo,43,validity_decisive,hint_flip_rate,0.0
selected_dpo,43,validity_decisive,hint_follow_rate,0.5
selected_dpo,43,validity_decisive,causal_hint_effect,0.08192624822194321
selected_dpo,43,validity_decisive,aligned_correct_margin,36.6098110146822
selected_dpo,43,validity_decisive,conflict_correct_margin,36.52788476646026
selected_dpo,43,validity_decisive,overall_accuracy,1.0
selected_dpo,43,validity_decisive,fresh_result_response_rate,1.0
selected_dpo,43,validity_decisive,fresh_flip_rate,1.0
selected_dpo,43,validity_decisive,nuisance_invariance_rate,1.0
selected_dpo,43,validity_decisive,nuisance_pair_both_accuracy,1.0
selected_dpo,43,validity_decisive,greedy_exact_format_rate,1.0
selected_dpo,43,validity_decisive,greedy_accuracy,1.0
selected_dpo,44,overall,case_count,320
selected_dpo,44,overall,row_count,1920
selected_dpo,44,overall,aligned_accuracy,0.996875
selected_dpo,44,overall,conflict_accuracy,0.996875
selected_dpo,44,overall,pair_both_accuracy,0.996875
selected_dpo,44,overall,hint_flip_rate,0.0
selected_dpo,44,overall,hint_follow_rate,0.5
selected_dpo,44,overall,causal_hint_effect,0.04095625172525572
selected_dpo,44,overall,aligned_correct_margin,32.828953669763315
selected_dpo,44,overall,conflict_correct_margin,32.78799741803806
selected_dpo,44,overall,overall_accuracy,0.996875
selected_dpo,44,overall,fresh_result_response_rate,0.990625
selected_dpo,44,overall,fresh_flip_rate,0.990625
selected_dpo,44,overall,nuisance_invariance_rate,0.990625
selected_dpo,44,overall,nuisance_pair_both_accuracy,0.990625
selected_dpo,44,overall,greedy_exact_format_rate,1.0
selected_dpo,44,overall,greedy_accuracy,0.9958333333333333
selected_dpo,44,score_decisive,case_count,160
selected_dpo,44,score_decisive,row_count,960
selected_dpo,44,score_decisive,aligned_accuracy,0.99375
selected_dpo,44,score_decisive,conflict_accuracy,0.99375
selected_dpo,44,score_decisive,pair_both_accuracy,0.99375
selected_dpo,44,score_decisive,hint_flip_rate,0.0
selected_dpo,44,score_decisive,hint_follow_rate,0.5
selected_dpo,44,score_decisive,causal_hint_effect,0.036654702432494225
selected_dpo,44,score_decisive,aligned_correct_margin,31.178650147380047
selected_dpo,44,score_decisive,conflict_correct_margin,31.141995444947554
selected_dpo,44,score_decisive,overall_accuracy,0.99375
selected_dpo,44,score_decisive,fresh_result_response_rate,0.98125
selected_dpo,44,score_decisive,fresh_flip_rate,0.98125
selected_dpo,44,score_decisive,nuisance_invariance_rate,0.98125
selected_dpo,44,score_decisive,nuisance_pair_both_accuracy,0.98125
selected_dpo,44,score_decisive,greedy_exact_format_rate,1.0
selected_dpo,44,score_decisive,greedy_accuracy,0.9916666666666667
selected_dpo,44,validity_decisive,case_count,160
selected_dpo,44,validity_decisive,row_count,960
selected_dpo,44,validity_decisive,aligned_accuracy,1.0
selected_dpo,44,validity_decisive,conflict_accuracy,1.0
selected_dpo,44,validity_decisive,pair_both_accuracy,1.0
selected_dpo,44,validity_decisive,hint_flip_rate,0.0
selected_dpo,44,validity_decisive,hint_follow_rate,0.5
selected_dpo,44,validity_decisive,causal_hint_effect,0.04525780101801722
selected_dpo,44,validity_decisive,aligned_correct_margin,34.47925719214659
selected_dpo,44,validity_decisive,conflict_correct_margin,34.43399939112857
selected_dpo,44,validity_decisive,overall_accuracy,1.0
selected_dpo,44,validity_decisive,fresh_result_response_rate,1.0
selected_dpo,44,validity_decisive,fresh_flip_rate,1.0
selected_dpo,44,validity_decisive,nuisance_invariance_rate,1.0
selected_dpo,44,validity_decisive,nuisance_pair_both_accuracy,1.0
selected_dpo,44,validity_decisive,greedy_exact_format_rate,1.0
selected_dpo,44,validity_decisive,greedy_accuracy,1.0
